id,uta,kana,kajin
1,"",,
2,"多摩川の二子の渡しをわたって少しばかり行くと溝口という宿場がある。その中ほどに亀屋という旅人宿がある。ちょうど三月の初めのころであった、この日は大空かき曇り北風強く吹いて、さなきだにさびしいこの町が一段と物さびしい陰鬱な寒そうな光景を呈していた。昨日降った雪がまだ残っていて高低定まらぬ茅屋根の南の軒先からは雨滴が風に吹かれて舞うて落ちている。草鞋の足痕にたまった泥水にすら寒そうな漣が立っている。日が暮れると間もなく大概の店は戸を閉めてしまった。闇い一筋町がひっそりとしてしまった。旅人宿だけに亀屋の店の障子には燈火が明く射していたが、今宵は客もあまりないと見えて内もひっそりとして、おりおり雁頸の太そうな煙管で火鉢の縁をたたく音がするばかりである。
突然に障子をあけて一人の男がのっそり入ッて来た。長火鉢に寄っかかッて胸算用に余念もなかった主人が驚いてこちらを向く暇もなく、広い土間を三歩ばかりに大股に歩いて、主人の鼻先に突ったッた男は年ごろ三十にはまだ二ツ三ツ足らざるべく、洋服、脚絆、草鞋の旅装で鳥打ち帽をかぶり、右の手に蝙蝠傘を携え、左に小さな革包を持ってそれをわきに抱いていた。
『一晩厄介になりたい。』
主人は客の風采を視ていてまだ何とも言わない、その時奥で手の鳴る音がした。
『六番でお手が鳴るよ。』
ほえるような声で主人は叫んだ。
『どちらさまでございます。』
主人は火鉢に寄っかかったままで問うた。客は肩をそびやかしてちょっと顔をしがめたが、たちまち口の辺に微笑をもらして、
『僕か、僕は東京。』
『それでどちらへお越しでございますナ。』
『八王子へ行くのだ。』
と答えて客はそこに腰を掛け脚絆の緒を解きにかかった。
『旦那、東京から八王子なら道が変でございますねエ。』
主人は不審そうに客のようすを今さらのようにながめて、何か言いたげな口つきをした。客はすぐ気が付いた。
『いや僕は東京だが、今日東京から来たのじゃアない、今日は晩くなって川崎を出発て来たからこんなに暮れてしまったのさ、ちょっと湯をおくれ。』
『早くお湯を持って来ないか。ヘエ随分今日はお寒かったでしょう、八王子の方はまだまだ寒うございます。』
という主人の言葉はあいそがあっても一体の風つきはきわめて無愛嬌である。年は六十ばかり、肥満った体躯の上に綿の多い半纒を着ているので肩からじきに太い頭が出て、幅の広い福々しい顔の目じりが下がっている。それでどこかに気むずかしいところが見えている。しかし正直なお爺さんだなと客はすぐ思った。
客が足を洗ッてしまッて、まだふききらぬうち、主人は、
『七番へご案内申しな！』
と怒鳴ッた。それぎりで客へは何の挨拶もしない、その後ろ姿を見送りもしなかった。真っ黒な猫が厨房の方から来て、そッと主人の高い膝の上にはい上がって丸くなった。主人はこれを知っているのかいないのか、じっと目をふさいでいる。しばらくすると、右の手が煙草箱の方へ動いてその太い指が煙草を丸めだした。
『六番さんのお浴湯がすんだら七番のお客さんをご案内申しな！』
膝の猫がびっくりして飛び下りた。
『ばか！貴様に言ったのじゃないわ。』
猫はあわてて厨房の方へ駆けていってしまった。柱時計がゆるやかに八時を打った。
『お婆さん、吉蔵が眠そうにしているじゃあないか、早く被中炉を入れてやってお寝かしな、かわいそうに。』
主人の声の方が眠そうである、厨房の方で、
『吉蔵はここで本を復習ていますじゃないかね。』
お婆さんの声らしかった。
『そうかな。吉蔵もうお寝よ、朝早く起きてお復習いな。お婆さん早く被中炉を入れておやんな。』
『今すぐ入れてやりますよ。』
勝手の方で下婢とお婆さんと顔を見合わしてくすくすと笑った。店の方で大きなあくびの声がした。
『自分が眠いのだよ。』
五十を五つ六つ越えたらしい小さな老母が煤ぶった被中炉に火を入れながらつぶやいた。
店の障子が風に吹かれてがたがたすると思うとパラパラと雨を吹きつける音が微かにした。
『もう店の戸を引き寄せて置きな、』と主人は怒鳴って、舌打ちをして、
『また降って来やあがった。』
と独言のようにつぶやいた。なるほど風が大分強くなって雨さえ降りだしたようである。
春先とはいえ、寒い寒い霙まじりの風が広い武蔵野を荒れに荒れて終夜、真っ闇な溝口の町の上をほえ狂った。
七番の座敷では十二時過ぎてもまだランプが耿々と輝いている。亀屋で起きている者といえばこの座敷の真ん中で、差し向かいで話している二人の客ばかりである。戸外は風雨の声いかにもすさまじく、雨戸が絶えず鳴っていた。
『この模様では明日のお立ちは無理ですぜ。』
と一人が相手の顔を見て言った。これは六番の客である。
『何、別に用事はないのだから明日一日くらいここで暮らしてもいいんです。』
二人とも顔を赤くして鼻の先を光らしている。そばの膳の上には煖陶が三本乗っていて、杯には酒が残っている。二人とも心地よさそうに体をくつろげて、あぐらをかいて、火鉢を中にして煙草を吹かしている、六番の客は袍巻の袖から白い腕を臂まで出して巻煙草の灰を落としては、喫っている。二人の話しぶりはきわめて卒直であるものの今宵初めてこの宿舎で出合って、何かの口緒から、二口三口｜襖越しの話があって、あまりのさびしさに六番の客から押しかけて来て、名刺の交換が済むや、酒を命じ、談話に実が入って来るや、いつしか丁寧な言葉とぞんざいな言葉とを半混ぜに使うようになったものに違いない。
七番の客の名刺には大津弁二郎とある、別に何の肩書きもない。六番の客の名刺には秋山松之助とあって、これも肩書きがない。
大津とはすなわち日が暮れて着いた洋服の男である。やせ形な、すらりとして色の白いところは相手の秋山とはまるで違っている。秋山は二十五か六という年輩で、丸く肥えて赤ら顔で、目元に愛嬌があって、いつもにこにこしているらしい。大津は無名の文学者で、秋山は無名の画家で不思議にも同種類の青年がこの田舎の旅宿で落ち合ったのであった。
『もう寝ようかねエ。随分｜悪口も言いつくしたようだ。』
美術論から文学論から宗教論まで二人はかなり勝手にしゃべって、現今の文学者や画家の大家を手ひどく批評して十一時が打ったのに気が付かなかったのである。
『まだいいさ。どうせ明日はだめでしょうから夜通し話したってかまわないさ。』
画家の秋山はにこにこしながら言った。
『しかし何時でしょう。』
と大津は投げ出してあった時計を見て、
『おやもう十一時過ぎだ。』
『どうせ徹夜でさあ。』
秋山は一向平気である。杯を見つめて、
『しかし君が眠けりゃあ寝てもいい。』
『眠くはちっともない、君が疲れているだろうと思ってさ。僕は今日晩く川崎を立って三里半ばかしの道を歩いただけだから何ともないけれど。』
『なに僕だって何ともないさ、君が寝るならこれを借りていって読んで見ようと思うだけです。』
秋山は半紙十枚ばかりの原稿らしいものを取り上げた。その表紙には『忘れ得ぬ人々』と書いてある。
『それはほんとにだめですよ。つまり君の方でいうと鉛筆で書いたスケッチと同じことで他人にはわからないのだから。』
といっても大津は秋山の手からその原稿を取ろうとはしなかった。秋山は一枚二枚｜開けて見てところどころ読んで見て、
『スケッチにはスケッチだけのおもしろ味があるから少し拝見したいねエ。』
『まアちょっと借して見たまえ。』
と大津は秋山の手から原稿を取って、ところどころあけて見ていたが、二人はしばらく無言であった。戸外の風雨の声がこの時今さらのように二人の耳に入った。大津は自分の書いた原稿を見つめたままじっと耳を傾けて夢心地になった。
『こんな晩は君の領分だねエ。』
秋山の声は大津の耳に入らないらしい。返事もしないでいる。風雨の音を聞いているのか、原稿を見ているのか、はた遠く百里のかなたの人を憶っているのか、秋山は心のうちで、大津の今の顔、今の目元はわが領分だなと思った。
『君がこれを読むよりか、僕がこの題で話した方がよさそうだ。どうです、君は聴きますか。この原稿はほんの大要を書き止めて置いたのだから読んだってわからないからねエ。』
夢からさめたような目つきをして大津は目を秋山の方に転じた。
『詳しく話して聞かされるならなおのことさ。』
と秋山が大津の目を見ると、大津の目は少し涙にうるんでいて、異様な光を放っていた。
『僕はなるべく詳しく話すよ、おもしろくないと思ったら、遠慮なく注意してくれたまえ。その代わり僕も遠慮なく話すよ。なんだか僕の方で聞いてもらいたいような心持ちになって来たから妙じゃあないか。』
秋山は火鉢に炭をついで、鉄瓶の中へ冷めた煖陶を突っ込んだ。
『忘れ得ぬ人は必ずしも忘れてかなうまじき人にあらず、見たまえ僕のこの原稿の劈頭第一に書いてあるのはこの句である。』
大津はちょっと秋山の前にその原稿を差しいだした。
『ね。それで僕はまずこの句の説明をしようと思う。そうすればおのずからこの文の題意がわかるだろうから。しかし君には大概わかっていると思うけれど。』
『そんなことを言わないで、ずんずんやりたまえよ。僕は世間の読者のつもりで聴いているから。失敬、横になって聴くよ。』
秋山は煙草をくわえて横になった。右の手で頭を支えて大津の顔を見ながら目元に微笑をたたえている。
『親とか子とかまたは朋友知己そのほか自分の世話になった教師先輩のごときは、つまり単に忘れ得ぬ人とのみはいえない。忘れてかなうまじき人といわなければならない、そこでここに恩愛の契りもなければ義理もない、ほんの赤の他人であって、本来をいうと忘れてしまったところで人情をも義理をも欠かないで、しかもついに忘れてしまうことのできない人がある。世間一般の者にそういう人があるとは言わないが少なくとも僕にはある。恐らくは君にもあるだろう。』
秋山は黙ってうなずいた。
『僕が十九の歳の春の半ごろと記憶しているが、少し体躯の具合が悪いのでしばらく保養する気で東京の学校を退いて国へ帰る、その帰途のことであった。大阪から例の瀬戸内通いの汽船に乗って春海波平らかな内海を航するのであるが、ほとんど一昔も前の事であるから、僕もその時の乗合の客がどんな人であったやら、船長がどんな男であったやら、茶菓を運ぶボーイの顔がどんなであったやら、そんなことは少しも憶えていない。多分僕に茶を注いでくれた客もあったろうし、甲板の上でいろいろと話しかけた人もあったろうが、何にも記憶に止まっていない。
『ただその時は健康が思わしくないからあまり浮き浮きしないで物思いに沈んでいたに違いない。絶えず甲板の上に出で将来の夢を描いてはこの世における人の身の上のことなどを思いつづけていたことだけは記憶している。もちろん若いものの癖でそれも不思議はないが。そこで僕は、春の日ののどかな光が油のような海面に融けほとんど漣も立たぬ中を船の船首が心地よい音をさせて水を切って進行するにつれて、霞たなびく島々を迎えては送り、右舷左舷の景色をながめていた。菜の花と麦の青葉とで錦を敷いたような島々がまるで霞の奥に浮いているように見える。そのうち船がある小さな島を右舷に見てその磯から十町とは離れないところを通るので僕は欄に寄り何心なくその島をながめていた。山の根がたのかしこここに背の低い松が小杜を作っているばかりで、見たところ畑もなく家らしいものも見えない。しんとしてさびしい磯の退潮の痕が日に輝って、小さな波が水際をもてあそんでいるらしく長い線が白刃のように光っては消えている。無人島でない事はその山よりも高い空で雲雀が啼いているのが微かに聞こえるのでわかる。田畑ある島と知れけりあげ雲雀、これは僕の老父の句であるが、山のむこうには人家があるに相違ないと僕は思うた。と見るうち退潮の痕の日に輝っているところに一人の人がいるのが目についた。たしかに男である、また小供でもない。何かしきりに拾っては籠か桶かに入れているらしい。二三歩あるいてはしゃがみ、そして何か拾っている。自分はこのさびしい島かげの小さな磯を漁っているこの人をじっとながめていた。船が進むにつれて人影が黒い点のようになってしまった、そのうち磯も山も島全体が霞のかなたに消えてしまった。その後｜今日が日までほとんど十年の間、僕は何度この島かげの顔も知らないこの人を憶い起こしたろう。これが僕の「忘れ得ぬ人々」の一人である。
『その次は今から五年ばかり以前、正月｜元旦を父母の膝下で祝ってすぐ九州旅行に出かけて、熊本から大分へと九州を横断した時のことであった。
『僕は朝早く弟と共に草鞋脚絆で元気よく熊本を出発った。その日はまだ日が高いうちに立野という宿場まで歩いてそこに一泊した。次の日のまだ登らないうち立野を立って、かねての願いで、阿蘇山の白煙を目がけて霜を踏み桟橋を渡り、路を間違えたりしてようやく日中時分に絶頂近くまで登り、噴火口に達したのは一時過ぎでもあッただろうか。熊本地方は温暖であるがうえに、風のないよく晴れた日だから、冬ながら六千尺の高山もさまでは寒く感じない。高嶽の絶頂は噴火口から吐き出す水蒸気が凝って白くなっていたがそのほかは満山ほとんど雪を見ないで、ただ枯れ草白く風にそよぎ、焼け土のあるいは赤きあるいは黒きが旧噴火口の名残をかしこここに止めて断崖をなし、その荒涼たる、光景は、筆も口もかなわない、これを描くのはまず君の領分だと思う。
『僕らは一度噴火口の縁まで登って、しばらくはすさまじい穴をのぞき込んだり四方の大観をほしいままにしたりしていたが、さすがに頂は風が寒くってたまらないので、穴から少し下りると阿蘇神社があるそのそばに小さな小屋があって番茶くらいはのませてくれる、そこへ逃げ込んで団飯をかじって元気をつけて、また噴火口まで登った。
『その時は日がもうよほど傾いて肥後の平野を立てこめている霧靄が焦げて赤くなってちょうどそこに見える旧噴火口の断崖と同じような色に染まった。円錐形にそびえて高く群峰を抜く九重嶺の裾野の高原数里の枯れ草が一面に夕陽を帯び、空気が水のように澄んでいるので人馬の行くのも見えそうである。天地｜寥廓、しかも足もとではすさまじい響きをして白煙｜濛々と立ちのぼりまっすぐに空を衝き急に折れて高嶽を掠め天の一方に消えてしまう。壮といわんか美といわんか惨といわんか、僕らは黙ったまま一｜言も出さないでしばらく石像のように立っていた。この時天地｜悠々の感、人間存在の不思議の念などが心の底からわいて来るのは自然のことだろうと思う。
『ところでもっとも僕らの感を惹いたものは九重嶺と阿蘇山との間の一大窪地であった。これはかねて世界最大の噴火口の旧跡と聞いていたがなるほど、九重嶺の高原が急に頽こんでいて数里にわたる絶壁がこの窪地の西を回っているのが眼下によく見える。男体山麓の噴火口は明媚幽邃の中禅寺湖と変わっているがこの大噴火口はいつしか五穀実る数千町歩の田園とかわって村落幾個の樹林や麦畑が今しも斜陽静かに輝いている。僕らがその夜、疲れた足を踏みのばして罪のない夢を結ぶを楽しんでいる宮地という宿駅もこの窪地にあるのである。
『いっそのこと山上の小屋に一泊して噴火の夜の光景を見ようかという説も二人の間に出たが、先が急がれるのでいよいよ山を下ることに決めて宮地を指して下りた。下りは登りよりかずっと勾配が緩やかで、山の尾や谷間の枯れ草の間を蛇のようにうねっている路をたどって急ぐと、村に近づくにつれて枯れ草を着けた馬をいくつか逐いこした。あたりを見るとかしこここの山の尾の小路をのどかな鈴の音夕陽を帯びて人馬いくつとなく麓をさして帰りゆくのが数えられる、馬はどれもみな枯れ草を着けている。麓はじきそこに見えていても容易には村へ出ないので、日は暮れかかるし僕らは大急ぎに急いでしまいには走って下りた。
『村に出た時はもう日が暮れて夕闇ほのぐらいころであった。村の夕暮れのにぎわいは格別で、壮年｜男女は一日の仕事のしまいに忙しく子供は薄暗い垣根の陰や竈の火の見える軒先に集まって笑ったり歌ったり泣いたりしている、これはどこの田舎も同じことであるが、僕は荒涼たる阿蘇の草原から駆け下りて突然、この人寰に投じた時ほど、これらの光景に搏たれたことはない。二人は疲れた足をひきずって、日暮れて路遠きを感じながらも、懐かしいような心持ちで宮地を今宵の当てに歩いた。
『一｜村離れて林や畑の間をしばらく行くと日はとっぷり暮れて二人の影がはっきりと地上に印するようになった。振り向いて西の空を仰ぐと阿蘇の分派の一峰の右に新月がこの窪地一帯の村落を我物顔に澄んで蒼味がかった水のような光を放っている。二人は気がついてすぐ頭の上を仰ぐと、昼間は真っ白に立ちのぼる噴煙が月の光を受けて灰色に染まって碧瑠璃の大空を衝いているさまが、いかにもすさまじくまた美しかった。長さよりも幅の方が長い橋にさしかかったから、幸いとその欄に倚っかかって疲れきった足を休めながら二人は噴煙のさまのさまざまに変化するをながめたり、聞くともなしに村落の人語の遠くに聞こゆるを聞いたりしていた。すると二人が今来た道の方から空車らしい荷車の音が林などに反響して虚空に響き渡って次第に近づいて来るのが手に取るように聞こえだした。
『しばらくすると朗々な澄んだ声で流して歩く馬子唄が空車の音につれて漸々と近づいて来た。僕は噴煙をながめたままで耳を傾けて、この声の近づくのを待つともなしに待っていた。
『人影が見えたと思うと「宮地ゃよいところじゃ阿蘇山ふもと」という俗謡を長く引いてちょうど僕らが立っている橋の少し手前まで流して来たその俗謡の意と悲壮な声とがどんなに僕の情を動かしたろう。二十四、五かと思われる屈強な壮漢が手綱を牽いて僕らの方を見向きもしないで通ってゆくのを僕はじっとみつめていた。夕月の光を背にしていたからその横顔もはっきりとは知れなかったがそのたくましげな体躯の黒い輪郭が今も僕の目の底に残っている。
『僕は壮漢の後ろ影をじっと見送って、そして阿蘇の噴煙を見あげた。「忘れ得ぬ人々」の一人はすなわちこの壮漢である。
『その次は四国の三津が浜に一泊して汽船｜便を待った時のことであった。夏の初めと記憶しているが僕は朝早く旅宿を出て汽船の来るのは午後と聞いたのでこの港の浜や町を散歩した。奥に松山を控えているだけこの港の繁盛は格別で、分けても朝は魚市が立つので魚市場の近傍の雑踏は非常なものであった。大空は名残なく晴れて朝日｜麗かに輝き、光る物には反射を与え、色あるものには光を添えて雑踏の光景をさらに殷々しくしていた。叫ぶもの呼ぶもの、笑声｜嬉々としてここに起これば、歓呼｜怒罵乱れてかしこにわくというありさまで、売るもの買うもの、老若男女、いずれも忙しそうにおもしろそうにうれしそうに、駆けたり追ったりしている。露店が並んで立ち食いの客を待っている。売っている品は言わずもがなで、食ってる人は大概｜船頭船方の類にきまっている。鯛や比良目や海鰻や章魚が、そこらに投げ出してある。なまぐさい臭いが人々の立ち騒ぐ袖や裾にあおられて鼻を打つ。
『僕は全くの旅客でこの土地には縁もゆかりもない身だから、知る顔もなければ見覚えの禿げ頭もない。そこで何となくこれらの光景が異様な感を起こさせて、世のさまを一段｜鮮やかにながめるような心地がした。僕はほとんど自己をわすれてこの雑踏の中をぶらぶらと歩き、やや物静かなる街の一端に出た。
『するとすぐ僕の耳に入ったのは琵琶の音であった。そこの店先に一人の琵琶僧が立っていた。歳のころ四十を五ツ六ツも越えたらしく、幅の広い四角な顔の丈の低い肥えた漢子であった。その顔の色、その目の光はちょうど悲しげな琵琶の音にふさわしく、あの咽ぶような糸の音につれて謡う声が沈んで濁って淀んでいた。巷の人は一人もこの僧を顧みない、家々の者はたれもこの琵琶に耳を傾けるふうも見せない。朝日は輝く浮世はせわしい。
『しかし僕はじっとこの琵琶僧をながめて、その琵琶の音に耳を傾けた。この道幅の狭い軒端のそろわない、しかもせわしそうな巷の光景がこの琵琶僧とこの琵琶の音とに調和しないようでしかもどこかに深い約束があるように感じられた。あの嗚咽する琵琶の音が巷の軒から軒へと漂うて勇ましげな売り声や、かしましい鉄砧の音と雑ざって、別に一｜道の清泉が濁波の間を潜って流れるようなのを聞いていると、うれしそうな、浮き浮きした、おもしろそうな、忙しそうな顔つきをしている巷の人々の心の底の糸が自然の調べをかなでているように思われた、「忘れえぬ人々」の一人はすなわちこの琵琶僧である。』
ここまで話して来て大津は静かにその原稿を下に置いてしばらく考え込んでいた。戸外の雨風の響きは少しも衰えない。秋山は起き直って、
『それから。』
『もうよそう、あまりふけるから。まだいくらもある。北海道｜歌志内の鉱夫、大連湾頭の青年漁夫、番匠川の瘤ある舟子など僕が一々この原稿にあるだけを詳しく話すなら夜が明けてしまうよ。とにかく、僕がなぜこれらの人々を忘るることができないかという、それは憶い起こすからである。なぜ僕が憶い起こすだろうか。僕はそれを君に話して見たいがね。
『要するに僕は絶えず人生の問題に苦しんでいながらまた自己将来の大望に圧せられて自分で苦しんでいる不幸な男である。
『そこで僕は今夜のような晩に独り夜ふけて燈に向かっているとこの生の孤立を感じて堪え難いほどの哀情を催して来る。その時僕の主我の角がぼきり折れてしまって、なんだか人懐かしくなって来る。いろいろの古い事や友の上を考えだす。その時｜油然として僕の心に浮かんで来るのはすなわちこれらの人々である。そうでない、これらの人々を見た時の周囲の光景の裡に立つこれらの人々である。われと他と何の相違があるか、みなこれこの生を天の一方地の一角に享けて悠々たる行路をたどり、相携えて無窮の天に帰る者ではないか、というような感が心の底から起こって来てわれ知らず涙が頬をつたうことがある。その時は実に我もなければ他もない、ただたれもかれも懐かしくって、忍ばれて来る、
『僕はその時ほど心の平穏を感ずることはない、その時ほど自由を感ずることはない、その時ほど名利競争の俗念消えてすべての物に対する同情の念の深い時はない。
『僕はどうにかしてこの題目で僕の思う存分に書いて見たいと思うている。僕は天下必ず同感の士あることと信ずる。』
その後二年｜経った。
大津は故あって東北のある地方に住まっていた。溝口の旅宿で初めてあった秋山との交際は全く絶えた。ちょうど、大津が溝口に泊まった時の時候であったが、雨の降る晩のこと。大津は独り机に向かって瞑想に沈んでいた。机の上には二年｜前秋山に示した原稿と同じの『忘れ得ぬ人々』が置いてあって、その最後に書き加えてあったのは『亀屋の主人』であった。
『秋山』ではなかった。",,
3,"",,
4,"少年の歓喜が詩であるならば、少年の悲哀もまた詩である。自然の心に宿る歓喜にしてもし歌うべくんば、自然の心にささやく悲哀もまた歌うべきであろう。
ともかく、僕は僕の少年の時の悲哀の一ツを語ってみようと思うのである。（と一人の男が話しだした。）
※
僕は八つの時から十五の時まで叔父の家で育ったので、そのころ、僕の父母は東京にいられたのである。
叔父の家はその土地の豪家で、山林｜田畑をたくさん持って、家に使う男女も常に七八人いたのである。僕は僕の少年の時代をいなかで過ごさしてくれた父母の好意を感謝せざるを得ない。もし僕が八歳の時父母とともに東京に出ていたならば、僕の今日はよほど違っていただろうと思う。少なくとも僕の知恵は今よりも進んでいたかわりに、僕の心はヲーズヲース一巻より高遠にして清新なる詩想を受用しうることができなかっただろうと信ずる。
僕は野山を駆け暮らして、わが幸福なる七年を送った。叔父の家は丘のふもとにあり、近郊には樹林多く、川あり泉あり池あり、そしてほど遠からぬ所に瀬戸内内海の入江がある。山にも野にも林にも谷にも海にも川にも、僕は不自由をしなかったのである。
ところが十二の時と記憶する、徳二郎という下男がある日、僕に今夜おもしろい所につれてゆくが行かぬかと誘うた。
「どこだ。」と僕はたずねた。
「どこだと聞かっしゃるな、どこでもええじゃござんせんか、徳のつれてゆく所におもしろうない所はない」と徳二郎は微笑を帯びて言った。
この徳二郎という男はそのころ二十五歳ぐらい、屈強な若者で、叔父の家には十一二の年から使われている孤児である。色の浅黒い、輪郭の正しい立派な男、酒を飲めば必ず歌う、飲まざるもまた歌いながら働くという至極元気のよい男であった。いつも楽しそうに見えるばかりか、心ばせも至って正しいので、孤児には珍しいと叔父をはじめ土地の者みんなに、感心せられていたのである。
「しかし叔父さんにも叔母さんにも内証ですよ」と言って、徳二郎は歌いながら裏山に登ってしまった。
ころは夏の最中、月影さやかなる夜であった。僕は徳二郎のあとについて田んぼにいで、稲の香高きあぜ道を走って川の堤に出た。堤は一段高く、ここに上れば広々とした野づら一面を見渡されるのである。まだ宵ながら月は高く澄んで、さえた光を野にも山にもみなぎらし、野末には靄かかりて夢のごとく、林は煙をこめて浮かぶがごとく、背の低い川やなぎの葉末に置く露は玉のように輝いている。小川の末はまもなく入り江、潮に満ちふくらんでいる。船板をつぎ合わしてかけた橋の急に低くなったように見ゆるのは水面の高くなったので、川やなぎは半ば水に沈んでいる。
堤の上はそよ吹く風あれど、川づらはさざ波だに立たず、澄み渡る大空の影を映して水の面は鏡のよう。徳二郎は堤をおり、橋の下につないである小舟のもやいを解いて、ひらりと乗ると、今まで静まりかえっていた水面がにわかに波紋を起こす。徳二郎は、
「坊様早く早く！」と僕を促しながら櫓を立てた。
僕の飛び乗るが早いか、小舟は入り江のほうへと下りはじめた。
入り江に近づくにつれて川幅次第に広く、月は川づらにその清光をひたし、左右の堤は次第に遠ざかり、顧みれば川上はすでに靄にかくれて、舟はいつしか入り江にはいっているのである。
広々した湖のようなこの入り江を横ぎる舟は僕らの小舟ばかり。徳二郎はいつもの朗らかな声に引きかえ、この夜は小声で歌いながら静かに櫓をこいでいる。潮の落ちた時は沼とも思わるる入り江が高潮と月の光とでまるで様子が変わり、僕にはいつも見慣れた泥臭い入り江のような気がしなかった。南は山影暗くさかしまに映り、北と東の平野は月光｜蒼茫としていずれか陸、いずれか水のけじめさえつかず、小舟は西のほうをさして進むのである。
西は入り江の口、水狭くして深く、陸迫りて高く、ここを港にいかりをおろす船は数こそ少ないが形は大きく大概は西洋形の帆前船で、その積み荷はこの浜でできる食塩、そのほか土地の者で朝鮮貿易に従事する者の持ち船も少なからず、内海を行き来する和船もあり。両岸の人家低く高く、山に拠り水に臨むその数｜数百戸。
入り江の奥より望めば舷燈高くかかりて星かとばかり、燈影低く映りて金蛇のごとく。寂漠たる山色月影のうちに浮かんで、あだかも絵のように見えるのである。
舟の進むにつれてこの小さな港の声が次第に聞こえだした。僕は今この港の光景を詳しく説くことはできないが、その夜僕の目に映って今日なおありありと思い浮かべることのできるだけを言うと、夏の夜の月明らかな晩であるから、船の者は甲板にいで、家の者は外にいで、海にのぞむ窓はことごとく開かれ、ともし火は風にそよげども水面は油のごとく、笛を吹く者あり、歌う者あり、三味線の音につれて笑いどよめく声は水に臨める青楼より起こるなど、いかにも楽しそうな花やかなありさまであったことで、しかし同時にこの花やかな一幅の画図を包むところの、寂寥たる月色山影水光を忘るることができないのである。
帆前船の暗い影の下をくぐり、徳二郎は舟を薄暗い石段のもとに着けた。
「お上がりなさい」と徳は僕を促した。堤の下で「お乗りなさい」と言ったぎり、彼は舟中僕に一語を交じえなかったから、僕はなんのために徳二郎がここに自分を伴のうたのか少しもわからない、しかし言うままに舟を出た。
もやいをつなぐや、徳二郎も続いて石段に上がり、先に立ってずんずん登って行く、そのあとから僕も無言でついて登った。石段はその幅半間より狭く、両側は高い壁である。石段を登りつめると、ある家の中庭らしい所へ出た。四方板べいで囲まれ、すみに用水おけが置いてある、板べいの一方は見越しに夏みかんの木らしく暗く茂ったのがその頂を出している、月の光はくっきりと地に印して寂として人のけはいもない。徳二郎はちょっと立ち止まって聞き耳を立てたようであったが、つかつかと右なるほうの板べいに近づいて向こうへ押すと、ここはくぐりになっていて、黒い戸が音もなくあいた。見ると、戸にすぐ接して梯子段がある。戸があくと同時に、足音静かに梯子段をおりて来て、
「徳さんかえ？」と顔をのぞいたのは若い女であった。
「待ったかね？」と徳二郎は女に言って、さらに僕のほうを顧み、
「坊様を連れて来たよ」と言い足した。
「坊様、お上がんなさいナ。早くお前さんも上がってください、ここでぐずぐずしているといけないから」と女は徳二郎を促したので、徳二郎は早くも梯子段を登りはじめ、
「坊様、暗うございますよ」と言ったぎり、女とともに登ってしまったから僕もしかたなしにそのあとについて暗い、狭い、急な梯子段を登った。
なんぞ知らん、この家は青楼の一で、今女に導かれてはいった座敷は海に臨んだ一間、欄によれば港内はもちろん入り江の奥、野の末、さては西なる海の果てまでも見渡されるのである。しかし座敷は六畳敷の、畳も古び、見るからしてあまり立派な室ではなかった。
「坊様、さアここへいらっしゃい」と女は言って、座ぶとんをてすりのもとに運び、夏だいだいそのほかのくだもの菓子などを僕にすすめた。そして次の間をあけると酒肴の用意がしてある。それを運びこんで女と徳二郎はさし向かいにすわった。
徳二郎はふだんにないむずかしい顔をしていたが、女のさす杯を受けて一息にのみ干し、
「いよいよ何日と決まった？」と女の顔をじっと見ながらたずねた。女は十九か二十の年ごろ、色青ざめてさも力なげなるさまは病人ではないかと僕の疑ったくらい。
「あす、あさって、明々後日」と女は指を折って、「やのあさってに決まったの。しかしね、わたしは今になって、また気が迷って来たのよ」と言いつつ首をたれていたが、そっと袖で目をぬぐった様子。その間に徳二郎は手酌で酒をグイグイあおっていた。
「今さらどうと言ってしかたがないじゃアないか。」
「それはそうだけれど――考えてみると、死んだほうがなんぼ増しだか知れないと思って。」
「ハッハッヽヽヽヽ坊様、このねえさんが死ぬと言いますが、どうしましょうか。……オイオイ約束の坊様を連れて来たのだ、よく見てくれないか。」
「さっきから見ているのよ、なるほどよく似ていると思って感心しているのよ。」と女は言って、笑いを含んでじっと僕の顔を見ている。
「だれに似ているのだ。」と僕は驚いてたずねた。
「わたしの弟にですよ、坊様を弟に似ているなどともったいない事だけれど、そら、これをごらんなさい。」と女は帯の間から一枚の写真を出して僕に見せた。
「坊様、このねえさんがその写真を徳に見せましたから、これは宅の坊様と少しも変わらんと言いましたら、ぜひ連れて来てくれと頼みますから、今夜坊様を連れて来たのだから、たくさんごちそうをしてもらわんといけませんぞ。」と徳二郎は言いつつも、止め度なく飲んでいる。女は僕にすり寄って、
「サア、なんでもごちそうしますとも、坊様、何がようございますか」と女は優しく言って、にっこり笑った。
「なんにもいらない」と僕は言って横を向いた。
「それじゃ、舟へ乗りましょう、わたしと舟へ乗りましょう、え、そうしましょう。」と言って先に立って出て行くから、僕も言うままに、女のあとについて梯子段をおりた、徳二郎はただ笑って見ているばかり。
先の石段をおりるや、若き女はまず僕を乗らして後、もやいを解いてひらりと飛び乗り、さも軽々と櫓をあやつりだした。少年ながらも、僕はこの女のふるまいに驚いた。
岸を離れて見上げると、徳二郎はてすりによって見おろしていた、そして内よりは燈がさし、外よりは月の光を受けて、彼の姿がはっきりと見える。
「気をつけないとあぶないぞ！」と、徳二郎は上から言った。
「大丈夫！」と女は下から答えて「すぐ帰るから待っていておくれ。」
舟はしばらく大船小船六七｜艘の間を縫うて進んでいたが、まもなく広々とした沖合に出た。月はますますさえて秋の夜かと思われるばかり、女はこぐ手をとどめて僕のそばにすわった。そしてまた月を仰ぎ、またあたりを見回しながら、
「坊様、あなたはおいくつ？」とたずねた。
「十二。」
「わたしの弟の写真も十二の時のですよ、今は十六……、そうだ、十六だけれど、十二の時に別れたぎり会わないのだから、今でも坊様と同じような気がするのですよ。」と言って僕の顔をじっと見ていたが、たちまち涙ぐんだ。月の光を受けて、その顔はなおさら青ざめて見えた。
「死んだの？」
「いいえ、死んだのならかえってあきらめがつきますが、別れたぎり、どうなったのか行き方が知れないのですよ。両親に早く死に別れて、たった二人の姉弟ですから、互いに力にしていたのが、今では別れ別れになって、生き死にさえわからんようになりました。それに、わたしも近いうち朝鮮につれて行かれるのだから、もうこの世で会うことができるかできないかわかりません。」と言って、涙がほおをつとうて流れるのをふきもしないで僕の顔を見たまますすり泣きに泣いた。
僕は陸のほうを見ながら黙ってこの話を聞いていた。家々のともし火は水に映ってきらきらとゆらいでいる。櫓の音をゆるやかにきしらせながら大船の伝馬をこいで行く男は、澄んだ声で船歌を流す。僕はこの時、少年ごころにも言い知られぬ悲哀を感じた。
たちまち小舟を飛ばして近づいて来た者がある、徳二郎であった。
「酒を持って来た！」と徳は大声で二三｜間先から言った。
「うれしいのねえ、今、坊様に弟のことを話して泣いていたの」と女の言ううち、徳二郎の小舟はそばに来た。
「ハッハッヽヽヽヽおおかたそんなことだろうと酒を持って来たのだ、飲みな飲みな、わしが歌ってやる！」と徳二郎はすでに酔っているらしい。女は徳二郎の渡した大コップに、なみなみと酒をついで息もつかずに飲んだ。
「も一ツ」と今度は徳二郎がついでやったのを、女はまたもや一息に飲み干して、月に向かって酒気をほっと吐いた。
「サアそれでよい、これからわしが歌って聞かせる。」
「イイエ徳さん、わたしは思い切って泣きたい、ここならだれも見ていないし、聞こえもしないから泣かしてくださいな、思い切って泣かしてくださいな。」
「ハッハッヽヽヽヽそんなら泣きナ、坊様と二人で聞くから」と徳二郎は僕を見て笑った。
女は突っ伏して大泣きに泣いた、さすがに声は立て得ないから背を波打たして苦しそうであった。徳二郎は急にまじめな顔をしてこのありさまを見ていたが、たちまち顔をそむけ、山のほうを見て黙っている、僕はしばらくして、
「徳、もう帰ろう」と言うや、女は急に頭を上げて、
「ごめんなさいよ、ほんとに坊様は、わたしの泣くのを見ていてもつまりません。……わたし、坊様が来てくださったので弟に会ったような気がいたしました。坊様もお達者で、早く大きくなって偉いかたになるのですよ」とおろおろ声で言って「徳さんほんとにあまりおそくなるとお宅に悪いから、早く坊様を連れてお帰りよ、わたしは今泣いたので、きのうからくさくさしていた胸がすいたようだ。」
※
女は僕らの舟を送って三四丁も来たが、徳二郎にしかられてこぐ手を止めた、そのうちに二｜艘の小舟はだんだん遠ざかった。舟の別れんとする時、女は僕に向かっていつまでも、
「わたしの事を忘れんでいてくださいましナ」とくり返して言った。
その後十七年の今日まで、僕はこの夜の光景をはっきりと覚えていて、忘れようとしても忘るることができないのである。今もなお、哀れな女の顔が目のさきにちらつく。そしてその夜、うすいかすみのように僕の心を包んだ一片の哀情は、年とともに濃くなって、今はただその時の僕の心持ちを思い起こしてさえ堪えがたい、深い、静かな、やる瀬のない悲哀を覚えるのである。
その後徳二郎は僕の叔父の世話で立派な百姓になり、今では二人の子の父親になっている。
流れの女は朝鮮に流れ渡って後、さらにいずこの果てに漂泊してそのはかない生涯を送っているやら、それともすでにこの世を辞して、むしろ静粛なる死の国におもむいたことやら、僕はむろん知らないし、徳二郎も知らんらしい。",,
5,"",,
6,"",,
7,"九段坂の最寄にけちなめし屋がある。春の末の夕暮れに一人の男が大儀そうに敷居をまたげた。すでに三人の客がある。まだランプをつけないので薄暗い土間に居並ぶ人影もおぼろである。
先客の三人も今来た一人も、みな土方か立ちんぼうぐらいのごく下等な労働者である。よほど都合のいい日でないと白馬もろくろくは飲めない仲間らしい。けれどもせんの三人は、いくらかよかったと見えて、思い思いに飲っていた。
「文公、そうだ君の名は文さんとか言ったね。からだはどうだね。」と角ばった顔の性質のよさそうな四十を越した男がすみから声をかけた。
「ありがとう、どうせ長くはあるまい。」と今来た男は捨てばちに言って、投げるように腰掛けに身をおろして、両手で額を押え、苦しい咳をした。年ごろは三十前後である。
「そう気を落とすものじゃアない、しっかりなさい」と、この店の亭主が言った。それぎりでたれもなんとも言わない、心のうちでは「長くあるまい」と言うのに同意をしているのである。
「六銭しかない、これでなんでもいいから……」と言いさして、咳で、食わしてもらいたいという言葉が出ない。文公は頭の毛を両手でつかんでもがいている。
めそめそ泣いている赤んぼを背負ったおかみさんは、ランプをつけながら、
「苦しそうだ、水をあげようか。」と振り向いた。文公は頭を横に振った。
「水よりかこのほうがいい、これなら元気がつく」と三人の一人の大男が言った。この男はこの店にはなじみでないと見えてさっきから口をきかなかったのである。突き出したのが白馬の杯。文公はまたも頭を横に振った。
「一本つけよう。やっぱりこれでないと元気がつかない。代はいつでもいいから飲ったほうがよかろう。」と亭主は文公がなんとも返事せぬうちに白馬を一本つけた。すると角ばった顔の男が、
「なアに文公が払えない時は、わしがどうにでもする。えッ、文公、だから一ツ飲ってみな。」
それでも文公は頭を押えたまま黙っていると、まもなく白馬一本と野菜の煮つけを少しばかり載せた小ざら一つが文公の前に置かれた。この時やっと頭を上げて、
「親方どうも済まない。」と弱い声で言ってまたも咳をしてホッとため息をついた。長おもてのやせこけた顔で、頭は五分刈りがそのまま伸びるだけ伸びて、ももくちゃになって少しのつやもなく、灰色がかっている。
文公のおかげで陰気がちになるのもしかたがない、しかしたれもそれを不平に思う者はないらしい。文公は続けざまに三四杯ひっかけてまたも頭を押えたが、人々の親切を思わぬでもなく、また深く思うでもない。まるで別の世界から言葉をかけられたような気持ちもするし、うれしいけれど、それがそれまでの事である事を知っているから「どうせ長くはない」との感じを、しばしの間でもよいから忘れたくても忘れる事ができないのである。
からだにも心にも、ぽかんとしたような絶望的｜無我が霧のように重く、あらゆる光をさえぎって立ちこめている。
すき腹に飲んだので、まもなく酔いがまわり、やや元気づいて来た。顔を上げて我れ知らずにやりと笑った時は、四角の顔がすぐ、
「そら見ろ、気持ちが直ったろう。飲れ飲れ、一本で足りなきゃアもう一本｜飲れ、わしが引き受けるから。なんでも元気をつけるにゃアこれに限るッて事よ！」と御自身のほうが大元気になって来たのである。
この時、外から二人の男が駆けこんで来た。いずれも土方ふうの者である。
「とうとう降って来やアがった。」と叫んで思い思いに席を取った。文公の来る前から西の空がまっ黒に曇り、遠雷さえとどろきて、ただならぬけしきであったのである。
「なに、すぐ晴ります。だけど今時分の夕立なんて、よっぽど気まぐれだ。」と亭主が言った。
二人が飛びこんでから急ににぎおうて来て、いつしか文公に気をつける者もなくなった。外はどしゃ降りである。二つのランプの光は赤くかすかに、陰は暗くあまねくこのすすけた土間をこめて、荒くれ男のあから顔だけが右に左に動いている。
文公は恵まれた白馬一本をちびちび飲み終わると飯を初めた、これも赤んぼをおぶった女主人の親切でたらふく食った。そして、出かけると急に亭主がこっちを向いて、
「まだ降ってるだろう、やんでから行きな。」
「たいしたことはあるまい。みなさん、どうもありがとう」と、穴だらけの外套を頭からかぶって外へ出た。もう晴りぎわの小降りである。ともかくも路地をたどって通りへ出た。亭主は雨がやんでから行きなと言ったが、どこへ行く？文公は路地口の軒下に身を寄せて往来の上下を見た。幌人車が威勢よく駆けている。店々のともし火が道に映っている。一二丁先の大通りを電車が通る。さて文公はどこへ行く？
めし屋の連中も文公がどこへ行くか、もちろん知らないがしかしどこへ行こうと、それは問題でない。なぜなれば居残っている者のうちでも、今夜はどこへ泊まるかを決めていないものがある。この人々は大概、いわゆる居所不明、もしくは不定な連中であるから文公の今夜の行く先など気にしないのも無理はない。しかしあの容態では遠からずまいってしまうだろうとは文公の去ったあとでのうわさであった。
「かわいそうに。養育院へでもはいればいい。」と亭主が言った。
「ところがその養育院というやつは、めんどうくさくってなかなかはいられないという事だぜ。」と客の土方の一人が言う。
「それじゃア行き倒れだ！」と一人が言う。
「たれか引き取り手がないものかナ。ぜんたい野郎はどこの者だ。」と一人が言う。
「自分でも知るまい。」
実際文公は自分がどこで生まれたのか全く知らない、親も兄弟もあるのかないのかすら知らない、文公という名も、たれ言うとなくひとりでにできたのである。十二歳ごろの時、浮浪少年とのかどで、しばらく監獄に飼われていたが、いろいろの身のためになるお話を聞かされた後、門から追い出された。それから三十いくつになるまで種々な労働に身を任して、やはり以前の浮浪生活を続けて来たのである。この冬に肺を病んでから薬一滴飲むことすらできず、土方にせよ、立ちん坊にせよ、それを休めばすぐ食うことができないのであった。
「もうだめだ」と、十日ぐらい前から文公は思っていた。それでもかせげるだけはかせがなければならぬ。それできょうも朝五銭、午後に六銭だけようやくかせいで、その六銭を今めし屋でつかってしまった。五銭は昼めしになっているから一｜文も残らない。
さて文公はどこへ行く？ぼんやり軒下に立って目の前のこの世のさまをじっと見ているうちに、
「アヽいっそ死んでしまいたいなア」と思った。この時、悪寒が身うちに行きわたって、ぶるぶるッとふるえた、そして続けざまに苦しい咳をしてむせび入った。
ふと思いついたのは、今から二月前に日本橋のある所で土方をした時知り合いになった弁公という若者がこの近所に住んでいることであった。道悪を七八丁｜飯田町の河岸のほうへ歩いて暗い狭い路地をはいると突き当たりにブリキ葺の棟の低い家がある。もう雨戸が引きよせてある。
たどり着いて、それでも思い切って、
「弁公、家か。」
「たれだい。」と内からすぐ返事がした。
「文公だ。」
戸があいて「なんの用だ。」
「一晩泊めてくれ。」と言われて弁公すぐ身を横によけて
「まアこれを見てくれ、どこへ寝られる？」
見ればなるほど三畳敷の一間に名ばかりの板の間と、上がり口にようやく下駄を脱ぐだけの土間とがあるばかり、その三畳敷に寝床が二つ敷いてあって、豆ランプが板の間の箱の上に載せてある。その薄い光で一ツの寝床に寝ている弁公の親父の頭がおぼろに見える。
文公の黙っているのを見て、
「いつものばばアの宿へなんで行かねえ？」
「文なしだ。」
「三晩や四晩借りたってなんだ。」
「ウンと借りができて、もう行けねえんだ。」と言いさま、咳をして苦しい息を内に引くや、思わずホッと疲れ果てたため息をもらした。
「からだもよくないようだナ。」と、弁公初めて気がつく。
「すっかりだめになっちゃった。」
「そいつは気の毒だなア」と内と外でしばし無言でつっ立っている。するとまだ寝つかれないでいた親父が頭をもたげて、
「弁公、泊めてやれ、二人寝るのも三人寝るのも同じことだ。」
「同じことは一つこった。それじゃア足を洗うんだ。この磨滅下駄を持って、そこの水道で洗って来な、」と弁公景気よく言って、土間を探り、下駄を拾って渡した。
そこで文公はやっと宿を得て、二人の足のすそに丸くなった。親父も弁公も昼間の激しい労働で熟睡したが文公は熱と咳とで終夜苦しめられ、明け方近くなってやっと寝入った。
短夜の明けやすく、四時半には弁公引き窓をあけて飯をたきはじめた。親父もまもなく起きて身じたくをする。
飯ができるや、まず弁公はその日の弁当、親父と自分との一度分をこしらえる。終わって二人は朝飯を食いながら親父は低い声で、
「この若者はよっぽどからだを痛めているようだ。きょうは一日そっとしておいて仕事を休ますほうがよかろう。」
弁公はほおばって首を縦に二三度振る。
「そして出がけに、飯もたいてあるから勝手に食べて一日休めと言え。」
弁公はうなずいた、親父は一段声を潜めて、
「他人事と思うな、おれなんぞもう死のうと思った時、仲間の者に助けられたなア一度や二度じゃアない。助けてくれるのはいつも仲間のうちだ、てめえもこの若者は仲間だ、助けておけ。」
弁公は口をもごもごしながら親父の耳に口を寄せて、
「でも文公は長くないよ。」
親父は急に箸を立てて、にらみつけて、
「だから、なお助けるのだ。」
弁公はまたもすなおにうなずいた。出がけに文公を揺り起こして、
「オイちょっと起きねえ、これから、おいらは仕事に出るが、兄きは一日休むがいい。飯もたいてあるからナア、イイカ留守を頼んだよ。」
文公は不意に起こされたので、驚いて起き上がりかけたのを弁公が止めたので、また寝て、その言うことを聞いてただうなずいた。
あまり当てにならない留守番だから、雨戸を引きよせて親子は出て行った。文公は留守居と言われたのですぐ起きていたいと思ったが、ころがっているのがつまり楽なので、十時ごろまで目だけさめて起き上がろうともしなかったが、腹がへったので、苦しいながら起き直って、飯を食ってまたごろりとして、夢うつつで正午近くなるとまた腹がへる。それでまた食ってごろついた。
弁公親子はある親分について市の埋め立て工事の土方をかせいでいたのである。弁公は堀を埋める組、親父は下水用の土管を埋めるための深いみぞを掘る組。それでこの日は親父はみぞを掘っていると、午後三時ごろ、親父のはね上げた土が、おりしも通りかかった車夫のすねにぶつかった。この車夫は車も衣装も立派で、乗せていた客も紳士であったが、いきなり人車を止めて、「何をしやアがるんだ、」と言いさま、みぞの中の親父に土の塊を投げつけた。
「気をつけろ、間抜けめ」と言うのが捨てぜりふで、そのまま行こうとすると、親父は承知しない。
「この野郎！」と言いさま往来にはい上がって、今しもかじ棒を上げかけている車夫に土を投げつけた。そして、
「土方だって人間だぞ、ばかにしやアがんな、」と叫んだ。
車夫は取って返し、二人はつかみあいを初めたが、一方は血気の若者ゆえ、苦もなく親父をみぞに突き落とした。落ちかけた時調子の取りようが悪かったので、棒が倒れるように深いみぞにころげこんだ。そのため後脳をひどく打ち肋骨を折って親父は悶絶した。
見る間に付近に散在していた土方が集まって来て、車夫はなぐられるだけなぐられ、その上交番に引きずって行かれた。
虫の息の親父は戸板に乗せられて、親方と仲間の土方二人と、気抜けのしたような弁公とに送られて家に帰った。それが五時五分である。文公はこの騒ぎにびっくりして、すみのほうへ小さくなってしまった。まもなく近所の医者が来る事は来た。診察の型だけして「もう脈がない。」と言ったきり、そこそこに行ってしまった。
「弁公しっかりしな、おれがきっとかたきを取ってやるから。」と親方は言いながら、財布から五十銭銀貨を三四枚取り出して「これで今夜は酒でも飲んで通夜をするのだ、あすは早くからおれも来て始末をしてやる。」
親方の行ったあとで今まで外に立っていた仲間の二人はともかく内へはいった。けれどもすわる所がない。この時弁公はいきなり文公に、
「親父は車夫の野郎とけんかをして殺されたのだ。これをやるから木賃へ泊まってくれ。今夜は仲間と通夜をするのだから。」と、もらった銀貨一枚を出した。文公はそれを受け取って、
「それじゃア親父さんの顔を一度見せてくれ。」
「見ろ。」と言って、弁公はかぶせてあったものをとったが、この時はもう薄暗いので、はっきりしない。それでも文公はじっと見た。
※
飯田町の狭い路地から貧しい葬儀が出た日の翌日の朝の事である。新宿｜赤羽間の鉄道線路に一人の轢死者が見つかった。
轢死者は線路のそばに置かれたまま薦がかけてあるが、頭の一部と足の先だけは出ていた。手が一本ないようである。頭は血にまみれていた。六人の人がこのまわりをウロウロしている。高い土手の上に子守の小娘が二人と職人体の男が一人、無言で見物しているばかり、あたりには人影がない。前夜の雨がカラリとあがって、若草若葉の野は光り輝いている。
六人の一人は巡査、一人は医者、三人は人夫、そして中折れ帽をかぶって二子の羽織を着た男は村役場の者らしく、線路に沿うて二三間の所を行きつもどりつしている。始終談笑しているのが巡査と人夫で、医者はこめかみのへんを両手で押えてしゃがんでいる。けだし棺おけの来るのを皆が待っているのである。
「二時の貨物車でひかれたのでしょう。」と人夫の一人が言った。
「その時はまだ降っていたかね？」と巡査が煙草に火をつけながら問うた。
「降っていましたとも。雨のあがったのは三時過ぎでした。」
「どうも病人らしい。ねえ大島さん。」と巡査は医者のほうを向いた、大島医師は巡査が煙草を吸っているのを見て、自分も煙草を出して巡査から火を借りながら、
「無論病人です。」と言って轢死者のほうをちょっと見た。すると人夫が
「きのうそこの原をうろついていたのがこの野郎に違いありません。確かにこの外套を着た野郎です、ひょろひょろ歩いては木の陰に休んでいました。」
「そうするとなんだナ、やはり死ぬ気で来たことは来たが昼間は死ねないで夜やったのだナ。」と巡査は言いながら、くたびれて上り下り両線路の間にしゃがんだ。
「やっこさん、あの雨にどしどし降られたので、どうにもこうにもやりきれなくなって、そこの土手からころがり落ちて線路の上へぶったおれたのでしょう。」と、人夫は見たように話す。
「なにしろ哀れむべきやつサ。」と巡査が言って何心なく土手を見ると、見物人がふえて学生らしいのもまじっていた。
この時赤羽行きの汽車が朝日をまともに車窓に受けて威勢よく走って来た。そして火夫も運転手も乗客も、みな身を乗り出して薦のかけてある一物を見た。
この一物は姓名も原籍も不明というので、例のとおり仮埋葬の処置を受けた。これが文公の最後であった。
実に人夫が言ったとおり、文公はどうにもこうにもやりきれなくって倒れたのである。（完）",,
8,"秋は小春のころ、石井という老人が日比谷公園のベンチに腰をおろして休んでいる。老人とは言うものの、やっと六十歳で足腰も達者、至って壮健のほうである。
日はやや西に傾いて赤とんぼの羽がきらきらと光り、風なきに風あるがごとくふわふわと飛んでいる、老人は目をしばたたいてそれをながめている、見るともなしに見ている。空々寂々心中なんらの思うこともない体。
老人の前を幾組かの人が通った。老えるも若きも、病めるも健やかなるも。されどたれあってこの老人を気に留める者もなく、老人もまた人が通ろうと犬が過ぎ行こうと一切おかまいなし、悠々行路の人、縁なくんば眼前千里、ただ静かな穏やかな青空がいつもいつも平等におおうているばかりである。
右の手を左の袂に入れてゴソゴソやっていたが、やがて「朝日」を一本取り出して口にくわえた。今度はマッチを出したが箱が半ばこわれて中身はわずかに五六本しかない。あいにくに二本すりそこなって三本目でやっと火がついた。
スパリスパリといかにもうまそうである。青い煙、白い煙、目の先に透明に光って、渦を巻いて消えゆく。
「オヤ、あれは徳じゃないか。」
と石井翁は消えゆく煙の末に浮かび出た洋服姿の年若い紳士を見て思った。芝生を隔てて二十｜間ばかり先だから判然しない。判然しないが似ている。背｜格好から歩きつきまで確かに武だと思ったが、彼は足早に過ぎ去って木陰に隠れてしまった。
この姿のおかげで老人は空々寂々の境にいつまでもいるわけにゆかなくなった。
甥の山上武は二三日前、石井翁を訪うて、口をきわめてその無為主義を攻撃したのである。武を石井老人はいつも徳と呼ぶ。それは武の幼名を徳助と言ってから、十二三のころ、徳の父が当世流に武と改名さしたのだ。
徳の姿を見ると二三日前の徳の言葉を老人は思い出した。
徳の説く所もまんざら無理ではない。道理はあるが、あの徳の言い草が本気でない。真実｜彼奴はそう信じて言うわけじゃない。あれは当世流の理屈で、だれも言うたと、言わば口前だ。徳の本心はやっぱりわしを引っぱり出して五円でも十円でもかせがそうとするのだ、その証拠には、せんだってごろまでは遊んで暮らすのはむだだ、足腰の達者なうちは取れる金なら取るようにするが得だ、叔父さんが出る気さえあればきっと周旋する、どうせ隠居仕事のつもりだから十円だって決して恥ずるに足らんと言ったくせに、今度はどうだ。人間一生、いやしくも命のある間は遊んで暮らす法はない、病気でない限り死ぬるまで仕事をするのが人間の義務だと言う。まるで理屈の根本が違って来たじゃないか、――やっぱりわしをかせがすつもりサ……とまで考えて来た時、老人はちょうど一本の煙草をすい切った。
石井翁は一年前に、ある官職をやめて恩給三百円をもらう身分になった。月に割って二十五円、一家は妻に二十になるお菊と十八になるお新の二人娘で都合四人ぐらし、銀行に預けた貯金とても高が知れてるから、まず食って行けないというのが世間並みである。けれども石井翁は少しも苦にしない。
例を車夫や職工にとって、食って行けないはずはないと主張するのである。むろん食うに食われない理屈はない、家賃、米代以下お新の学校費まで計算して、なるほど二十五円で間に合わそうと思えば間に合うのである。
それで石井翁の主張は、間に合いさえすれば、それでやってゆく。いまさらわしが隠居仕事で候のと言って、腰弁当で会社にせよ役所にせよ病院の会計にせよ、五円十円とかせいでみてどうする、わしは長年のお務めを終えて、やれやれ御苦労であったと恩給をいただく身分になったのだ。治まる聖代のありがたさに、これぞというしくじりもせず、長わずらいにもかからず、長官にも下僚にも憎まれもいやがられもせず勤め上げて来たのだ。もはやこうなれば、わしなどはいわゆる聖代の逸民だ。恩給だけでともかくも暮らせるなら、それをありがたく頂戴して、すっかり欲から離れて、その日その日を一家むつまじく楽しく暮らすのがあたりまえだ。よしんば二十五円に十円ふえたらどれだけの贅沢ができる。――みんな欲で欲には限りがない――役目となれば五円が十円でも、雨の日雪の日にも休むわけにはいかない、やっぱり腰弁当で鼻水をたらして、若い者の中にまじってよぼよぼと通わなければならぬ。オヽいやな事だ！
というのである。だから役をひいた時、知人やら親族の者が、隠居仕事を勧め、中には先方にほぼ交渉をつけて物にして来てまで勧めたが、ことごとく以上の理由で拒絶してしまったのである。細君は気軽な人物で何事もあきらめのよいたちだから文句はない。愚痴一つ言わない。お菊お新の二人も、母を助けて飯もたけば八百屋へ使いにも行く。かくてこそ石井翁の無為主義も実行されているのである。
ところが武の母は石井翁の細君の妹だけに、この無為主義をあやぶみ、姉は盲従してこそおれ、女はやっぱり女、石井さんの隠居仕事で二十五円の上に十円ふえるならどのくらい楽と思うか知れないと、武をして石井翁を説き落とさすつもりでいるのである。
彼は変物だと最初世話をしかけた者が手をひいた時分。ある日曜日の午後二時ごろ、武は様子を見るべく赤坂区南町の石井をたずねた。俥のはいらぬ路地の中で、三軒長屋の最端がそれである。中古の建物だから、それほど見苦しくはない。上がり口の四畳半が玄関なり茶の間なり長火鉢これに伴なう一式が並べてある。隣が八畳、これが座敷、このほかには台所のそばに薄暗い三畳があるばかり。南向きの縁先一間半ばかりの細長い庭には棚を造り、翁の楽しみの鉢物が並べてある。手狭であるが全体がよく整理されて乱雑なさまは毛ほどもなく、敷居も柱も縁もよくふきこまれて、光っている。
「御免なさい。」と武は上がり口の障子をあけたが、茶の間にだれもいない。
「武です。」とつけ加えた。すると座敷で、
「徳さんかえ、サアお上がり。」と言ったのが叔母である。
武は上がってふすまをあけると、座敷のまん中で叔父叔母さし向かいの囲碁最中！叔父はちょっと武を見て、微笑って目で挨拶したばかり。叔母は、
「徳さん少し待っておくれ。じき勝負がつくから」と一心不乱の体である。
「どうかごゆっくり。」と徳さんの武もこのほかに挨拶のしようがない。ただあきれ返って、しょうことなしに盤面を見ていた。
「徳さんは碁が打てたかね。」と叔父は打ちながら問うた。
「まるでだめです。」
「でも四つ目殺しぐらいはできるだろう。」
「五目並べならできます。」
「ハハヽヽヽヽ五目並べじゃしかたがない。」
「叔母さんが碁をお打ちになることは、僕ちっとも知りませんでした。」
「わたしですか、わたしはこれでずいぶん古いのですよ。」と叔母は言ったが振り向きもしない。
「しょっちゅう打っていらっしゃったのですか。」
「いいえ、やたらに打ちだしたのは此家へ引っこんでからですよ。――ちょっとこれを待ってちょうだい。」
「なりません。」と石井翁、一ぷくつけてスパリスパリと悠然たるものである。
「だってこの切断は全くわたしの見落としですもの。」
「だからさっきから、わしは「待ちませんよ、」「待ちませんよ」と二三度も警告を発しておいたじゃないか。」
「待ちませんはあなたの口癖ですよ。」
「だれがそんな癖をつけました、わたしに。」
武は思わずクスリと笑った。
「それじゃどうあっても待ってくださらんの。」
「マア待ちますまい、癖になるから。」
と言われて、叔母は盤面を見渡してしばらく考えていたが、
「それじゃ投げましょう。そこが切れては碁にはなりませんもの。」
「まずそう言ったような形だね。」
そこで叔母は投げ出した。これから改まって挨拶が済むと、雑談に移り、武は叔父叔母さし向かいで、たいがい毎日碁を打つ事、娘ふたりはきょう上野公園に散歩に出かけた事など聞かされた。
右の次第で徳さんの武もついに手をひいて半年余りもたつと、母はやっぱり気になると見えて、どうにかして石井さんを説き落としてくれろと頼む。そこで武も隠居仕事の五円十円説では到底夫婦さし向かいの碁打ちを説き落とすことはできないと考え、今度は遊食罪悪説を持ち出して滔々とまくし立ててみた。
石井翁はさんざん徳さんの武に言わしておいたあげく、
「それじゃ、山に隠れて木の実を食い露を飲んでおる人はどうする。」
「あれは仙人です。」
「仙人だって人だ。」
「それじゃ叔父さんは仙人ですか。」
「市に隠れた仙人のつもりでおるのだ。」
これで武はまたも撃退されてしまったのである。
さて石井翁は煙草一本すいおわったところでベンチを立とうとしたが徳の遊食罪悪説がちょっと気にかかりだしたので、また一本取り出してすい初めた。徳の本心を見ぬいている。そして仙人説で撃退はしたものの、なるほど、まだぴんしゃんしているのにただ遊んで食うているというのはほめたことではないように思われる。それなら何をする。腰弁はまっぴらだ。いなかに行って百姓でもするか。こいつはいいかも知れんがさし当たって田地がない。翁は行きづまってしまったので、仙人主義を弁護する理屈に立ち返ってしきりと考えこんでいると、どしりとばかり同じベンチに身を投げるように腰をおろした者がある。振り向いて見るや、
「オヤ河田さんじゃないか。」
先方は全く石井翁に気がつかなかったものと見えて、翁に声をかけらるるといきなり飛びたって帽をとり、
「コレはコレは石井さんですか、あなたとはまるきり気がつかんで失礼しました。」とぺこぺこお辞儀をする。そして顔を少しあからめた様子はよほど狼狽したらしい、やっぱり六十余りの老人である。
「まアお掛けなさい。そしてその後はどうしました。」
「イヤもうお話にも何にもなりません。」と、腰をおろしながら、
「相変わらずで面目次第もないわけです。」とごま白の乱髪に骨太の指を熊手形にさしこんで手荒くかいた。
石井翁は綿服ながら小ザッパリした衣装に引きかえて、この老人河田翁は柳原仕込みの荒いスコッチの古洋服を着て、パクパク靴をはいている。
「でも何かしておられるだろう。」と石井翁はじろじろ河田翁の様子を見ながら聞いた。そして腹の中で、「なるほど相変わらずだな」と思った。
「イヤとてもお話にもなんにも……」とやっぱり頭をかいていたがポケットから鹿皮のまっ黒になった煙草入れとひしゃげた鉈豆煙管とを取り出した。ところがあいにくと煙草はごみまじりの粉ばかり、そのまままたポケットにしまいこんだのを見て、石井翁は「朝日」を袋とも出して、
「サアおすいなさい。」
「イヤこれはどうも」と河田翁は遠慮なく一本ぬき取って、石井翁から火を借りた。
この二老人は三十歳前後のころ、ある役所で一年余り同僚であったばかりでなく、石井の親類が河田の親類の親類とかで、石井一｜家では河田翁のうわさは時おり出て、『今何をしているだろう』『ほんとにあんな気の毒な人はない』など言われていたのである。
「しかし遊んでもいなさらんだろうが。」と石井翁はどこまでも心配そうに聞く。
「イヤとてもお話にもなんにも……」
これが河田翁持ち前の一つで、人に対すると言いたいことも言えなくなり、つまらんところに自分を卑下してしまうのである。
「あなたがわたしの家へ来てからもう五年になるなア」と石井翁は以前の事を思い出した。
「そうなりますかね、早いものだ……。」
「あの時、あなたが、一杯きげんで『雨の夜に日本近くねぼけて流れこむ』をうたって踊った時はおもしろかったがね、ハ、ハヽヽヽヽ」
「ハヽヽ」といっしょに笑ったぎり、河田翁は何も言わない。そしてなんとなくそわそわしている。
三十の年に恩人の無理じいに屈して、養子に行き、養子先の娘の半気違いに辛抱しきれず、ついに敬太郎という男の子を連れて飛びだしてしまい、その子は姉に預けて育ててもらう、それ以後は決して妻帯せず、純然たるひとり者で、とうとう六十余歳まで通して来たのが河田翁の一生である。
このひとり者が翁の不遇の原因をなしたのか、不遇がひとり者の原因であったのか、これをわかつことはできない。
善人で、酒もしいては飲まず、これという道楽もなく、出入交際の人々には義理を堅くしていて、そしてついに不遇で、いつもまごまごして安定の所を得ず今日が日に及んだ翁の運命は、不思議な事としか思えない。
そこで石井の人々初め翁を知っている者はみな『気の毒な人だ』と言い、また不思議なことだと評している。しかし皆々言い合わしたように一致している『理由』がないのでもない。第一、河田さんはいくじがない。その証拠には、養子に行く前に深く言いかわした女があった、いよいよ養子に行くときまるや五円で帯の片側を買って、それを手切れ同様に泣く泣く別れた。第二に、案外片意地で高慢なところがあって、些細な事に腹を立てすぐ衝突して職業から離れてしまう。第三に、妙に遠慮深いところがあること。
なるほどそう聞かされると翁の知人どものいわゆる『理由』は多少の『理由』を成している。
けれど大なる理由がまだなければならぬ。人がもし壮年の時から老人の時まで、純然たる独身生活すなわち親子兄弟の関係からも離れてただ一人、今の社会に住むなら並み大抵の人は河田翁と同様の運命に陥りはせまいか、老いてますます富みかつ栄えるものだろうか。
翁の子敬太郎は翁とまるきり無関係で育ちかつ世に立った。そして二十五六のころ、八百屋を始めたが、まもなくよして、売卜者になった。かつ今は行き方も知れない。そして見ると河田翁その人の脈※には、『放浪』の血が流れているのではないか。それが敬太郎へも流れこんだのではないか。
石井翁はむろんこういうことを考えて研究もせず、ただ気の毒がる仲間の一人ゆえ、どうにかして今の境遇も聞いてみたいと思い、古い事まで話題にしてみたが、河田翁は少しも引き立たない。ただそわそわしている。
「何時でしょうか」と河田翁は卒然聞いた。石井翁は帯の間から銀時計の大きいのを出して見て、
「三時半です」
「イヤそれじゃもう行かなきゃならん。」と河田翁は口早に言って、急に声を潜め、あたりをきょろきょろ見回しながら、
「実はわたし、このごろある婦人会の集金係をしているのですから、毎日毎日東京じゅうをへめぐらされるので、この年ではとてもやり切れなくなりました、そこでも少し楽な仕事をと頼んで歩きましたら、やっとうまい口が発見ったんです。それは食扶持いっさいむこう持ちで月給が七円だというのです、それでからだを動かすことはあまりないというんですから、さっそくそれに決めたのです。ところが、」とあたりを見回した上にさらに延び上がって近所を見回したが、一段声を潜めて「わたしは大変なことをしているんだ、とかく足らん足らんで一円二円とつかい込み、とうとう十五円ほど会の集金をつかい込んでしまったのです。サアそれもチャンと返して帳簿を整理しておかんと今のうまい口に行く事ができない。そこでこの四五日その十五円の調達にずいぶん駆け回りましたよ。やっと三十間堀の野口という旧友の倅が、返済の道さえ立てば貸してやろうという事になり、きょう四時から五時までの間に先方で会うことになっているのです。まアザッとこんな苦しいわけで……けれどつかい込みの一件は、ごく内密にお願いします」と言って立ち上がり、石井翁が何も言い得ぬうちに、河田翁は辞儀をペコペコして去ってしまった。
石井翁は取り残されて茫然と河田翁の後ろ姿を見送っていた。
河田翁が延び上がって遠くまで見回したのは巡査がこわかったのだ。そこで翁と巡査とすれ違った時に、河田翁は急に帽子に手をかけて礼をした。石井翁は見ていてその意味がわからなかった。（完）",,
